{
  "id": "45ef304d-92fc-428e-bbfa-edbca65ce88c",
  "name": "BetType1",
  "isOverridable": true,
  "entries": [
    {
      "value": "PLACE",
      "synonyms": [
        "PLACE"
      ]
    },
    {
      "value": "WIN",
      "synonyms": [
        "WIN"
      ]
    },
    {
      "value": "EACHWAY",
      "synonyms": [
        "EACH-WAY",
        "EACHWAY",
        "EACH WAY"
      ]
    },
    {
      "value": "SINGLE",
      "synonyms": [
        "SINGLE",
        "accumulator 1",
        "acc 1"
      ]
    },
    {
      "value": "DOUBLE",
      "synonyms": [
        "DOUBLE",
        "accumulator 2",
        "acc 2"
      ]
    },
    {
      "value": "ACCUMULATOR",
      "synonyms": [
        "accumulator",
        "acc"
      ]
    },
    {
      "value": "TREBLE",
      "synonyms": [
        "TREBLE",
        "accumulator 3",
        "acc 3"
      ]
    },
    {
      "value": "ACCUMULATOR 4",
      "synonyms": [
        "FOUR FOLD",
        "acc 4",
        "accumulator 4",
        "fourfold"
      ]
    }
  ],
  "isEnum": false,
  "automatedExpansion": false
}