{
  "id": "808b484a-2ea6-491e-b01c-d7ee29034035",
  "name": "EventType",
  "isOverridable": true,
  "entries": [
    {
      "value": "sports",
      "synonyms": [
        "Sports",
        "SPORTS",
        "sports",
        "sport"
      ]
    },
    {
      "value": "basketball",
      "synonyms": [
        "basketball",
        "BASKETBALL",
        "Basketball"
      ]
    },
    {
      "value": "football",
      "synonyms": [
        "football",
        "FOOTBALL",
        "Football"
      ]
    },
    {
      "value": "tennis",
      "synonyms": [
        "tennis",
        "TENNIS",
        "Tennis"
      ]
    },
    {
      "value": "all",
      "synonyms": [
        "all",
        "ALL"
      ]
    }
  ],
  "isEnum": false,
  "automatedExpansion": false
}