{
  "id": "e41cadf3-4414-4789-8e1a-50a58307e760",
  "name": "Selections",
  "isOverridable": true,
  "entries": [
    {
      "value": "EV006SEL001",
      "synonyms": [
        "EV006SEL001",
        "Wizards"
      ]
    },
    {
      "value": "EV006SEL002",
      "synonyms": [
        "EV006SEL002",
        "Wizards VS Celtics Draw",
        "Draw"
      ]
    },
    {
      "value": "EV006SEL003",
      "synonyms": [
        "EV006SEL003",
        "Celtics"
      ]
    },
    {
      "value": "EV001SEL001",
      "synonyms": [
        "EV001SEL001",
        "Olympiakos",
        "Olimpiakos"
      ]
    },
    {
      "value": "EV001SEL002",
      "synonyms": [
        "EV001SEL002",
        "Olympiakos vs Panathinaikos Draw",
        "Draw"
      ]
    },
    {
      "value": "EV001SEL003",
      "synonyms": [
        "EV001SEL003",
        "Panathinaikos"
      ]
    }
  ],
  "isEnum": false,
  "automatedExpansion": false
}